{
    "name": "root",
    "metadata": {
        "timer_format_version": "0.1.0",
        "start_time_seconds": "1701826605",
        "python_version": "3.7.16 (default, Jan 17 2023, 16:06:28) [MSC v.1916 64 bit (AMD64)]",
        "command_line_arguments": "C:\\Users\\nfinity\\anaconda3\\envs\\ml-agents\\Scripts\\mlagents-learn --run-id=RenAgent4",
        "mlagents_version": "0.27.0",
        "mlagents_envs_version": "0.27.0",
        "communication_protocol_version": "1.5.0",
        "pytorch_version": "1.7.1+cu110",
        "numpy_version": "1.21.6",
        "end_time_seconds": "1701826716"
    },
    "total": 111.2896986,
    "count": 1,
    "self": 0.004498499999996852,
    "children": {
        "run_training.setup": {
            "total": 0.010750099999999985,
            "count": 1,
            "self": 0.010750099999999985
        },
        "TrainerController.start_learning": {
            "total": 111.27445,
            "count": 1,
            "self": 0.09416069999988963,
            "children": {
                "TrainerController._reset_env": {
                    "total": 5.2346664999999994,
                    "count": 1,
                    "self": 5.2346664999999994
                },
                "TrainerController.advance": {
                    "total": 105.86175340000011,
                    "count": 5085,
                    "self": 0.08504870000039944,
                    "children": {
                        "env_step": {
                            "total": 105.33806610000005,
                            "count": 5085,
                            "self": 89.21273110000024,
                            "children": {
                                "SubprocessEnvManager._take_step": {
                                    "total": 16.07156999999991,
                                    "count": 5085,
                                    "self": 0.20824530000051666,
                                    "children": {
                                        "TorchPolicy.evaluate": {
                                            "total": 15.863324699999392,
                                            "count": 5074,
                                            "self": 4.4768773999997595,
                                            "children": {
                                                "TorchPolicy.sample_actions": {
                                                    "total": 11.386447299999633,
                                                    "count": 5074,
                                                    "self": 11.386447299999633
                                                }
                                            }
                                        }
                                    }
                                },
                                "workers": {
                                    "total": 0.053764999999907914,
                                    "count": 5084,
                                    "self": 0.0,
                                    "children": {
                                        "worker_root": {
                                            "total": 106.48816320000013,
                                            "count": 5084,
                                            "is_parallel": true,
                                            "self": 20.699876399999653,
                                            "children": {
                                                "steps_from_proto": {
                                                    "total": 0.00021710000000041418,
                                                    "count": 1,
                                                    "is_parallel": true,
                                                    "self": 0.00011540000000120898,
                                                    "children": {
                                                        "_process_rank_one_or_two_observation": {
                                                            "total": 0.0001016999999992052,
                                                            "count": 2,
                                                            "is_parallel": true,
                                                            "self": 0.0001016999999992052
                                                        }
                                                    }
                                                },
                                                "UnityEnvironment.step": {
                                                    "total": 85.78806970000048,
                                                    "count": 5084,
                                                    "is_parallel": true,
                                                    "self": 0.3015289000007755,
                                                    "children": {
                                                        "UnityEnvironment._generate_step_input": {
                                                            "total": 0.2259651000000611,
                                                            "count": 5084,
                                                            "is_parallel": true,
                                                            "self": 0.2259651000000611
                                                        },
                                                        "communicator.exchange": {
                                                            "total": 84.13103840000014,
                                                            "count": 5084,
                                                            "is_parallel": true,
                                                            "self": 84.13103840000014
                                                        },
                                                        "steps_from_proto": {
                                                            "total": 1.1295372999994928,
                                                            "count": 5084,
                                                            "is_parallel": true,
                                                            "self": 0.7033747999994331,
                                                            "children": {
                                                                "_process_rank_one_or_two_observation": {
                                                                    "total": 0.42616250000005973,
                                                                    "count": 10168,
                                                                    "is_parallel": true,
                                                                    "self": 0.42616250000005973
                                                                }
                                                            }
                                                        }
                                                    }
                                                }
                                            }
                                        }
                                    }
                                }
                            }
                        },
                        "trainer_advance": {
                            "total": 0.43863859999966337,
                            "count": 5084,
                            "self": 0.12136009999949149,
                            "children": {
                                "process_trajectory": {
                                    "total": 0.3172785000001719,
                                    "count": 5084,
                                    "self": 0.3172785000001719
                                }
                            }
                        }
                    }
                },