{
    "name": "root",
    "metadata": {
        "timer_format_version": "0.1.0",
        "start_time_seconds": "1701709230",
        "python_version": "3.7.16 (default, Jan 17 2023, 16:06:28) [MSC v.1916 64 bit (AMD64)]",
        "command_line_arguments": "C:\\Users\\nfinity\\anaconda3\\envs\\ml-agents\\Scripts\\mlagents-learn --run-id=PlayerAgent122",
        "mlagents_version": "0.27.0",
        "mlagents_envs_version": "0.27.0",
        "communication_protocol_version": "1.5.0",
        "pytorch_version": "1.7.1+cu110",
        "numpy_version": "1.21.6",
        "end_time_seconds": "1701709261"
    },
    "total": 30.909394499999998,
    "count": 1,
    "self": 0.004343999999996129,
    "children": {
        "run_training.setup": {
            "total": 0.010486099999999943,
            "count": 1,
            "self": 0.010486099999999943
        },
        "TrainerController.start_learning": {
            "total": 30.8945644,
            "count": 1,
            "self": 0.01340589999998798,
            "children": {
                "TrainerController._reset_env": {
                    "total": 6.5817819,
                    "count": 1,
                    "self": 6.5817819
                },
                "TrainerController.advance": {
                    "total": 24.166776000000013,
                    "count": 681,
                    "self": 0.012057199999972568,
                    "children": {
                        "env_step": {
                            "total": 23.927747100000012,
                            "count": 681,
                            "self": 20.146660799999996,
                            "children": {
                                "SubprocessEnvManager._take_step": {
                                    "total": 3.7736521999999715,
                                    "count": 681,
                                    "self": 0.031985099999972455,
                                    "children": {
                                        "TorchPolicy.evaluate": {
                                            "total": 3.741667099999999,
                                            "count": 680,
                                            "self": 0.6565683000000346,
                                            "children": {
                                                "TorchPolicy.sample_actions": {
                                                    "total": 3.0850987999999644,
                                                    "count": 680,
                                                    "self": 3.0850987999999644
                                                }
                                            }
                                        }
                                    }
                                },
                                "workers": {
                                    "total": 0.007434100000045518,
                                    "count": 680,
                                    "self": 0.0,
                                    "children": {
                                        "worker_root": {
                                            "total": 24.826090999999977,
                                            "count": 680,
                                            "is_parallel": true,
                                            "self": 5.3046358,
                                            "children": {
                                                "steps_from_proto": {
                                                    "total": 0.00023790000000012412,
                                                    "count": 1,
                                                    "is_parallel": true,
                                                    "self": 0.00012200000000017752,
                                                    "children": {
                                                        "_process_rank_one_or_two_observation": {
                                                            "total": 0.0001158999999999466,
                                                            "count": 2,
                                                            "is_parallel": true,
                                                            "self": 0.0001158999999999466
                                                        }
                                                    }
                                                },
                                                "UnityEnvironment.step": {
                                                    "total": 19.52121729999998,
                                                    "count": 680,
                                                    "is_parallel": true,
                                                    "self": 0.051494899999948274,
                                                    "children": {
                                                        "UnityEnvironment._generate_step_input": {
                                                            "total": 0.16100719999999846,
                                                            "count": 680,
                                                            "is_parallel": true,
                                                            "self": 0.16100719999999846
                                                        },
                                                        "communicator.exchange": {
                                                            "total": 19.13058170000001,
                                                            "count": 680,
                                                            "is_parallel": true,
                                                            "self": 19.13058170000001
                                                        },
                                                        "steps_from_proto": {
                                                            "total": 0.17813350000002437,
                                                            "count": 680,
                                                            "is_parallel": true,
                                                            "self": 0.1064074999999498,
                                                            "children": {
                                                                "_process_rank_one_or_two_observation": {
                                                                    "total": 0.07172600000007456,
                                                                    "count": 1360,
                                                                    "is_parallel": true,
                                                                    "self": 0.07172600000007456
                                                                }
                                                            }
                                                        }
                                                    }
                                                }
                                            }
                                        }
                                    }
                                }
                            }
                        },
                        "trainer_advance": {
                            "total": 0.22697170000002842,
                            "count": 680,
                            "self": 0.01696640000002425,
                            "children": {
                                "process_trajectory": {
                                    "total": 0.21000530000000417,
                                    "count": 680,
                                    "self": 0.21000530000000417
                                }
                            }
                        }
                    }
                },