{
    "name": "root",
    "metadata": {
        "timer_format_version": "0.1.0",
        "start_time_seconds": "1701867743",
        "python_version": "3.7.16 (default, Jan 17 2023, 16:06:28) [MSC v.1916 64 bit (AMD64)]",
        "command_line_arguments": "C:\\Users\\nfinity\\anaconda3\\envs\\ml-agents\\Scripts\\mlagents-learn --run-id=NAIAgent208",
        "mlagents_version": "0.27.0",
        "mlagents_envs_version": "0.27.0",
        "communication_protocol_version": "1.5.0",
        "pytorch_version": "1.7.1+cu110",
        "numpy_version": "1.21.6",
        "end_time_seconds": "1701867774"
    },
    "total": 31.020801,
    "count": 1,
    "self": 0.0049013999999942826,
    "children": {
        "run_training.setup": {
            "total": 0.011424299999999943,
            "count": 1,
            "self": 0.011424299999999943
        },
        "TrainerController.start_learning": {
            "total": 31.004475300000003,
            "count": 1,
            "self": 0.014333299999965021,
            "children": {
                "TrainerController._reset_env": {
                    "total": 5.1938113,
                    "count": 1,
                    "self": 5.1938113
                },
                "TrainerController.advance": {
                    "total": 25.710482500000037,
                    "count": 734,
                    "self": 0.01320970000006838,
                    "children": {
                        "env_step": {
                            "total": 25.42709439999996,
                            "count": 734,
                            "self": 22.727784099999926,
                            "children": {
                                "SubprocessEnvManager._take_step": {
                                    "total": 2.69149490000001,
                                    "count": 734,
                                    "self": 0.0324060000000026,
                                    "children": {
                                        "TorchPolicy.evaluate": {
                                            "total": 2.6590889000000075,
                                            "count": 732,
                                            "self": 0.7053917000000158,
                                            "children": {
                                                "TorchPolicy.sample_actions": {
                                                    "total": 1.9536971999999917,
                                                    "count": 732,
                                                    "self": 1.9536971999999917
                                                }
                                            }
                                        }
                                    }
                                },
                                "workers": {
                                    "total": 0.007815400000021455,
                                    "count": 733,
                                    "self": 0.0,
                                    "children": {
                                        "worker_root": {
                                            "total": 26.340868099999966,
                                            "count": 733,
                                            "is_parallel": true,
                                            "self": 4.274743999999991,
                                            "children": {
                                                "steps_from_proto": {
                                                    "total": 0.00028630000000084976,
                                                    "count": 1,
                                                    "is_parallel": true,
                                                    "self": 0.00011990000000050571,
                                                    "children": {
                                                        "_process_rank_one_or_two_observation": {
                                                            "total": 0.00016640000000034405,
                                                            "count": 4,
                                                            "is_parallel": true,
                                                            "self": 0.00016640000000034405
                                                        }
                                                    }
                                                },
                                                "UnityEnvironment.step": {
                                                    "total": 22.065837799999976,
                                                    "count": 733,
                                                    "is_parallel": true,
                                                    "self": 0.06812009999996604,
                                                    "children": {
                                                        "UnityEnvironment._generate_step_input": {
                                                            "total": 0.081817699999986,
                                                            "count": 733,
                                                            "is_parallel": true,
                                                            "self": 0.081817699999986
                                                        },
                                                        "communicator.exchange": {
                                                            "total": 21.6602029,
                                                            "count": 733,
                                                            "is_parallel": true,
                                                            "self": 21.6602029
                                                        },
                                                        "steps_from_proto": {
                                                            "total": 0.25569710000001944,
                                                            "count": 733,
                                                            "is_parallel": true,
                                                            "self": 0.12020600000006976,
                                                            "children": {
                                                                "_process_rank_one_or_two_observation": {
                                                                    "total": 0.13549109999994968,
                                                                    "count": 2932,
                                                                    "is_parallel": true,
                                                                    "self": 0.13549109999994968
                                                                }
                                                            }
                                                        }
                                                    }
                                                }
                                            }
                                        }
                                    }
                                }
                            }
                        },
                        "trainer_advance": {
                            "total": 0.2701784000000105,
                            "count": 733,
                            "self": 0.019062400000035673,
                            "children": {
                                "process_trajectory": {
                                    "total": 0.2511159999999748,
                                    "count": 733,
                                    "self": 0.2511159999999748
                                }
                            }
                        }
                    }
                },